Component,ExplainedVarianceRatio
1,0.8147466361822526
2,0.18169210316930712
3,0.0025131552140581887
