Component,ExplainedVarianceRatio
1,0.8087074587048956
2,0.18974627987912243
3,0.001067948423023366
