Component,ExplainedVarianceRatio
1,0.8579061065117315
2,0.14022950151784327
3,0.0014163593521804704
