Component,ExplainedVarianceRatio
1,0.843440323645495
2,0.15272335100884143
3,0.0029296865048599554
